Model,Accuracy,Precision,Recall,F1,ROC_AUC
Gradient Boosting,0.9997277893089251,0.9998799711930864,0.99964,0.9997599711965436,0.9999997427096707
Random Forest,0.9989451835720848,0.9999398954180274,0.9982,0.99906919019547,0.9999986150339298
Logistic Regression,0.8933501196592829,0.9233881901424609,0.8854,0.9039951808705063,0.9590260455367202
